Daily commit Sun Jun 22 17:54:24 UTC 2025
Daily commit Sun Jun 22 18:28:05 UTC 2025
Daily commit Sun Jun 22 18:29:33 UTC 2025
Daily commit Mon Jun 23 03:40:56 UTC 2025
Daily commit Tue Jun 24 03:34:14 UTC 2025
Daily commit Wed Jun 25 03:35:43 UTC 2025
Daily commit Thu Jun 26 03:34:18 UTC 2025
Daily commit Fri Jun 27 03:35:01 UTC 2025
Daily commit Sat Jun 28 03:29:31 UTC 2025
Daily commit Sun Jun 29 03:43:05 UTC 2025
Daily commit Mon Jun 30 03:40:04 UTC 2025
Daily commit Tue Jul  1 03:46:24 UTC 2025
Daily commit Wed Jul  2 03:36:01 UTC 2025
Daily commit Thu Jul  3 03:36:21 UTC 2025
Daily commit Fri Jul  4 03:33:48 UTC 2025
Daily commit Sat Jul  5 03:29:55 UTC 2025
Daily commit Sun Jul  6 03:41:14 UTC 2025
Daily commit Mon Jul  7 03:40:34 UTC 2025
Daily commit Tue Jul  8 03:35:37 UTC 2025
Daily commit Wed Jul  9 03:38:09 UTC 2025
Daily commit Thu Jul 10 03:37:36 UTC 2025
Daily commit Fri Jul 11 03:44:36 UTC 2025
Daily commit Sat Jul 12 03:39:57 UTC 2025
Daily commit Sun Jul 13 03:46:54 UTC 2025
Daily commit Mon Jul 14 03:48:52 UTC 2025
Daily commit Tue Jul 15 03:45:42 UTC 2025
Daily commit Wed Jul 16 03:43:55 UTC 2025
Daily commit Thu Jul 17 03:43:47 UTC 2025
Daily commit Fri Jul 18 03:45:55 UTC 2025
Daily commit Sat Jul 19 03:38:02 UTC 2025
Daily commit Sun Jul 20 03:52:42 UTC 2025
Daily commit Mon Jul 21 03:51:53 UTC 2025
Daily commit Tue Jul 22 03:45:34 UTC 2025
Daily commit Wed Jul 23 03:47:02 UTC 2025
Daily commit Thu Jul 24 03:46:07 UTC 2025
Daily commit Fri Jul 25 03:46:22 UTC 2025
Daily commit Sat Jul 26 03:43:09 UTC 2025
Daily commit Sun Jul 27 03:54:19 UTC 2025
Daily commit Mon Jul 28 03:53:46 UTC 2025
Daily commit Tue Jul 29 03:56:11 UTC 2025
Daily commit Wed Jul 30 03:50:55 UTC 2025
Daily commit Thu Jul 31 03:49:59 UTC 2025
Daily commit Fri Aug  1 04:03:08 UTC 2025
Daily commit Sat Aug  2 03:41:32 UTC 2025
Daily commit Sun Aug  3 03:58:02 UTC 2025
Daily commit Mon Aug  4 04:04:35 UTC 2025
Daily commit Tue Aug  5 03:54:57 UTC 2025
Daily commit Wed Aug  6 03:52:12 UTC 2025
Daily commit Thu Aug  7 03:52:08 UTC 2025
Daily commit Fri Aug  8 03:51:42 UTC 2025
Daily commit Sat Aug  9 03:36:04 UTC 2025
Daily commit Sun Aug 10 03:51:01 UTC 2025
Daily commit Mon Aug 11 03:51:24 UTC 2025
Daily commit Tue Aug 12 03:34:20 UTC 2025
Daily commit Wed Aug 13 03:36:22 UTC 2025
Daily commit Thu Aug 14 03:36:54 UTC 2025
Daily commit Fri Aug 15 03:37:25 UTC 2025
Daily commit Sat Aug 16 03:30:55 UTC 2025
Daily commit Sun Aug 17 03:41:00 UTC 2025
Daily commit Mon Aug 18 03:47:29 UTC 2025
Daily commit Tue Aug 19 03:27:43 UTC 2025
Daily commit Wed Aug 20 03:26:56 UTC 2025
Daily commit Thu Aug 21 03:26:25 UTC 2025
Daily commit Fri Aug 22 03:26:30 UTC 2025
Daily commit Sat Aug 23 03:14:11 UTC 2025
Daily commit Sun Aug 24 03:33:31 UTC 2025
Daily commit Mon Aug 25 03:32:11 UTC 2025
Daily commit Tue Aug 26 03:27:25 UTC 2025
Daily commit Wed Aug 27 03:13:22 UTC 2025
Daily commit Thu Aug 28 03:13:11 UTC 2025
Daily commit Fri Aug 29 03:13:01 UTC 2025
Daily commit Sat Aug 30 03:08:19 UTC 2025
Daily commit Sun Aug 31 03:24:17 UTC 2025
Daily commit Mon Sep  1 03:37:31 UTC 2025
Daily commit Tue Sep  2 03:25:17 UTC 2025
Daily commit Wed Sep  3 03:05:52 UTC 2025
Daily commit Thu Sep  4 03:06:24 UTC 2025
Daily commit Fri Sep  5 03:09:22 UTC 2025
Daily commit Sat Sep  6 03:05:24 UTC 2025
Daily commit Sun Sep  7 03:12:28 UTC 2025
Daily commit Mon Sep  8 03:25:34 UTC 2025
Daily commit Tue Sep  9 03:12:06 UTC 2025
Daily commit Wed Sep 10 03:06:02 UTC 2025
Daily commit Thu Sep 11 03:10:56 UTC 2025
Daily commit Fri Sep 12 03:05:42 UTC 2025
Daily commit Sat Sep 13 02:59:24 UTC 2025
Daily commit Sun Sep 14 03:12:30 UTC 2025
Daily commit Mon Sep 15 03:26:06 UTC 2025
Daily commit Tue Sep 16 03:06:56 UTC 2025
Daily commit Wed Sep 17 03:06:12 UTC 2025
Daily commit Thu Sep 18 03:08:01 UTC 2025
Daily commit Fri Sep 19 03:11:17 UTC 2025
Daily commit Sat Sep 20 03:05:45 UTC 2025
Daily commit Sun Sep 21 03:25:26 UTC 2025
Daily commit Mon Sep 22 03:26:01 UTC 2025
Daily commit Tue Sep 23 03:08:46 UTC 2025
Daily commit Wed Sep 24 03:09:57 UTC 2025
Daily commit Thu Sep 25 03:12:29 UTC 2025
Daily commit Fri Sep 26 03:11:01 UTC 2025
Daily commit Sat Sep 27 03:06:04 UTC 2025
Daily commit Sun Sep 28 03:25:34 UTC 2025
Daily commit Mon Sep 29 03:24:13 UTC 2025
Daily commit Tue Sep 30 03:09:03 UTC 2025
Daily commit Wed Oct  1 03:28:57 UTC 2025
Daily commit Thu Oct  2 03:08:01 UTC 2025
Daily commit Fri Oct  3 03:07:12 UTC 2025
Daily commit Sat Oct  4 03:03:01 UTC 2025
Daily commit Sun Oct  5 03:23:44 UTC 2025
Daily commit Mon Oct  6 03:13:13 UTC 2025
Daily commit Tue Oct  7 03:08:48 UTC 2025
Daily commit Wed Oct  8 03:08:31 UTC 2025
Daily commit Thu Oct  9 03:10:48 UTC 2025
Daily commit Fri Oct 10 03:11:25 UTC 2025
Daily commit Sat Oct 11 03:05:03 UTC 2025
Daily commit Sun Oct 12 03:13:11 UTC 2025
Daily commit Mon Oct 13 03:28:35 UTC 2025
Daily commit Tue Oct 14 03:12:17 UTC 2025
Daily commit Wed Oct 15 03:24:08 UTC 2025
Daily commit Thu Oct 16 03:14:48 UTC 2025
Daily commit Fri Oct 17 03:13:13 UTC 2025
Daily commit Sat Oct 18 03:06:49 UTC 2025
Daily commit Sun Oct 19 03:31:26 UTC 2025
Daily commit Mon Oct 20 03:33:32 UTC 2025
Daily commit Tue Oct 21 03:25:44 UTC 2025
Daily commit Wed Oct 22 03:29:50 UTC 2025
Daily commit Thu Oct 23 03:15:02 UTC 2025
Daily commit Fri Oct 24 03:11:55 UTC 2025
Daily commit Sat Oct 25 03:13:50 UTC 2025
Daily commit Sun Oct 26 03:27:28 UTC 2025
Daily commit Mon Oct 27 03:37:24 UTC 2025
Daily commit Tue Oct 28 03:27:03 UTC 2025
Daily commit Wed Oct 29 03:33:02 UTC 2025
Daily commit Thu Oct 30 03:29:24 UTC 2025
Daily commit Fri Oct 31 03:29:55 UTC 2025
Daily commit Sat Nov  1 03:29:16 UTC 2025
Daily commit Sun Nov  2 03:31:42 UTC 2025
Daily commit Mon Nov  3 03:35:39 UTC 2025
Daily commit Tue Nov  4 03:28:33 UTC 2025
Daily commit Wed Nov  5 03:29:49 UTC 2025
Daily commit Thu Nov  6 03:32:59 UTC 2025
Daily commit Fri Nov  7 03:29:20 UTC 2025
Daily commit Sat Nov  8 03:14:33 UTC 2025
Daily commit Sun Nov  9 03:30:02 UTC 2025
Daily commit Mon Nov 10 03:36:28 UTC 2025
Daily commit Tue Nov 11 03:31:54 UTC 2025
Daily commit Wed Nov 12 03:30:31 UTC 2025
Daily commit Thu Nov 13 03:32:56 UTC 2025
Daily commit Fri Nov 14 03:31:20 UTC 2025
Daily commit Sat Nov 15 03:25:59 UTC 2025
Daily commit Sun Nov 16 03:35:04 UTC 2025
Daily commit Mon Nov 17 03:34:41 UTC 2025
Daily commit Tue Nov 18 03:31:07 UTC 2025
Daily commit Wed Nov 19 03:30:51 UTC 2025
Daily commit Thu Nov 20 03:29:40 UTC 2025
Daily commit Fri Nov 21 03:29:57 UTC 2025
Daily commit Sat Nov 22 03:24:29 UTC 2025
Daily commit Sun Nov 23 03:44:08 UTC 2025
Daily commit Mon Nov 24 03:42:39 UTC 2025
Daily commit Tue Nov 25 03:33:48 UTC 2025
Daily commit Wed Nov 26 03:34:08 UTC 2025
Daily commit Thu Nov 27 03:30:58 UTC 2025
Daily commit Fri Nov 28 03:30:53 UTC 2025
Daily commit Sat Nov 29 03:31:07 UTC 2025
Daily commit Sun Nov 30 03:44:18 UTC 2025
Daily commit Mon Dec  1 04:00:09 UTC 2025
Daily commit Tue Dec  2 03:37:31 UTC 2025
Daily commit Wed Dec  3 03:36:43 UTC 2025
Daily commit Thu Dec  4 03:38:27 UTC 2025
Daily commit Fri Dec  5 03:37:03 UTC 2025
Daily commit Sat Dec  6 03:29:15 UTC 2025
Daily commit Sun Dec  7 03:44:06 UTC 2025
Daily commit Mon Dec  8 03:41:17 UTC 2025
Daily commit Tue Dec  9 03:36:52 UTC 2025
Daily commit Wed Dec 10 03:42:11 UTC 2025
Daily commit Thu Dec 11 03:43:17 UTC 2025
Daily commit Fri Dec 12 03:42:31 UTC 2025
Daily commit Sat Dec 13 03:34:35 UTC 2025
Daily commit Sun Dec 14 03:46:25 UTC 2025
Daily commit Mon Dec 15 03:51:27 UTC 2025
Daily commit Tue Dec 16 03:43:52 UTC 2025
Daily commit Wed Dec 17 03:40:02 UTC 2025
Daily commit Thu Dec 18 03:41:21 UTC 2025
Daily commit Fri Dec 19 03:42:46 UTC 2025
Daily commit Sat Dec 20 03:34:19 UTC 2025
Daily commit Sun Dec 21 03:47:16 UTC 2025
Daily commit Mon Dec 22 03:52:02 UTC 2025
Daily commit Tue Dec 23 03:45:47 UTC 2025
Daily commit Wed Dec 24 03:43:39 UTC 2025
Daily commit Thu Dec 25 03:45:48 UTC 2025
Daily commit Fri Dec 26 03:43:34 UTC 2025
Daily commit Sat Dec 27 03:41:27 UTC 2025
Daily commit Sun Dec 28 03:56:26 UTC 2025
Daily commit Mon Dec 29 03:58:20 UTC 2025
Daily commit Tue Dec 30 03:46:57 UTC 2025
Daily commit Wed Dec 31 03:46:19 UTC 2025
Daily commit Thu Jan  1 03:58:45 UTC 2026
Daily commit Fri Jan  2 03:50:11 UTC 2026
Daily commit Sat Jan  3 03:41:22 UTC 2026
Daily commit Sun Jan  4 03:59:37 UTC 2026
Daily commit Mon Jan  5 04:05:44 UTC 2026
Daily commit Tue Jan  6 03:48:18 UTC 2026
Daily commit Wed Jan  7 03:48:33 UTC 2026
Daily commit Thu Jan  8 03:48:34 UTC 2026
Daily commit Fri Jan  9 03:49:00 UTC 2026
Daily commit Sat Jan 10 03:43:04 UTC 2026
Daily commit Sun Jan 11 03:58:37 UTC 2026
Daily commit Mon Jan 12 03:58:40 UTC 2026
Daily commit Tue Jan 13 03:48:42 UTC 2026
Daily commit Wed Jan 14 03:56:19 UTC 2026
Daily commit Thu Jan 15 03:51:21 UTC 2026
Daily commit Fri Jan 16 03:48:46 UTC 2026
Daily commit Sat Jan 17 03:41:17 UTC 2026
Daily commit Sun Jan 18 03:54:24 UTC 2026
Daily commit Mon Jan 19 03:59:42 UTC 2026
Daily commit Tue Jan 20 03:53:40 UTC 2026
Daily commit Wed Jan 21 03:53:01 UTC 2026
Daily commit Thu Jan 22 03:56:50 UTC 2026
Daily commit Fri Jan 23 03:52:00 UTC 2026
Daily commit Sat Jan 24 03:45:49 UTC 2026
Daily commit Sun Jan 25 04:03:10 UTC 2026
Daily commit Mon Jan 26 04:06:38 UTC 2026
Daily commit Tue Jan 27 03:56:19 UTC 2026
Daily commit Wed Jan 28 03:54:23 UTC 2026
Daily commit Thu Jan 29 04:15:45 UTC 2026
Daily commit Fri Jan 30 04:19:04 UTC 2026
Daily commit Sat Jan 31 04:13:58 UTC 2026
Daily commit Sun Feb  1 04:38:24 UTC 2026
Daily commit Mon Feb  2 04:34:03 UTC 2026
Daily commit Tue Feb  3 04:24:18 UTC 2026
Daily commit Wed Feb  4 04:18:37 UTC 2026
Daily commit Thu Feb  5 04:24:35 UTC 2026
Daily commit Fri Feb  6 04:25:02 UTC 2026
Daily commit Sat Feb  7 04:17:09 UTC 2026
Daily commit Sun Feb  8 04:40:23 UTC 2026
Daily commit Mon Feb  9 04:36:21 UTC 2026
Daily commit Tue Feb 10 04:40:32 UTC 2026
Daily commit Wed Feb 11 04:38:36 UTC 2026
Daily commit Thu Feb 12 04:34:00 UTC 2026
